,Name,Link
,,
1,Feedspot,http://www.feedspot.com/?ref=blog
2,Times of India,http://timesofindia.indiatimes.com/
3,NDTV,http://www.ndtv.com/
4,IndiaToday,http://indiatoday.intoday.in/
5,IndianExpress,http://indianexpress.com/
6,The Hindu,http://www.thehindu.com/
7,News18,http://www.news18.com/
8,Firstpost,http://www.firstpost.com/
9,Business Standard,http://www.business-standard.com/
10,DNA India,http://www.dnaindia.com/
11,Deccan Chronicle,http://www.deccanchronicle.com/
12,One India,http://www.oneindia.com/
13,Financial Express,http://www.financialexpress.com/
14,The Hindu Business line,http://www.thehindubusinessline.com/
15,Outlook India,http://www.outlookindia.com/
16,Free Press Journal,http://www.freepressjournal.in/
17,Asian Age,http://www.asianage.com/
18,Daily Excelsior,http://www.dailyexcelsior.com/
19,Telugu Global,http://teluguglobal.in/
20,JaiannData,http://jaianndata.com/
21,Star of Mysore,http://starofmysore.com/
22,Nav Hind Times,http://www.navhindtimes.in/
23,Nagpur Times,http://www.nagpurtoday.in/
24,Arunachal Times,http://www.arunachaltimes.in/
25,Rising Kashmir,http://www.risingkashmir.com/
26,The Sangai Express,http://www.thesangaiexpress.com/
27,Orissa Post,http://www.orissapost.com/
28,Kashmir Reader,http://kashmirreader.com/
29,News State Times,http://news.statetimes.in/
30,My Digital Fc,http://www.mydigitalfc.com/
31,Bhakat News,http://bhakatnews.com/
32,Bilkul Online,http://www.bilkulonline.com/
33,The Times of Bengal,http://www.thetimesofbengal.com/
34,The North Lines,http://thenorthlines.com/
35,The Metro Talk,http://themetrotalk.in/
36,League of India,http://leagueofindia.com/
37,Indian New SQL,http://www.indiannewsqld.com.au/
38,Newsekaaina,http://www.newsekaaina.com/
39,Sports Kanazee,http://www.sportskanazee.com/
40,Metro Rail New,http://www.metrorailnews.info/
41,Ncairways,http://ncairways.in/
42,Asba News,http://asbanews.com/
43,The New Asians,http://www.newasians.website/
